Open,Close,High,Low,Volume,Date
3.9725,3.985,4,3.9425,,10/30/20
4.01,3.985,4.0425,3.93,,10/29/20
4.15,4.015,4.1525,4.005,,10/28/20
4.1675,4.16,4.2225,4.155,,10/27/20
4.1875,4.1775,0,4.1275,,10/26/20
4.1925,4.1875,4.1975,4.17,,10/25/20
4.15,4.1925,4.2,4.14,,10/23/20
4.1375,4.1625,4.19,4.1075,,10/22/20
4.0825,4.1375,4.1525,4.0775,,10/21/20
4.0425,4.0875,4.0975,4.035,,10/20/20
4.0175,4.0525,4.0675,4.0075,,10/19/20
4.0325,4.02,4.09,4.0175,,10/16/20
3.96,4.0375,4.0425,3.935,,10/15/20
3.91,3.965,3.975,3.88,,10/14/20
3.89,3.9125,3.9275,3.88,,10/13/20
3.955,3.89,3.9925,3.8725,,10/12/20
3.87,3.95,3.9825,3.865,,10/09/20
3.89,3.87,3.945,3.865,,10/08/20
3.845,3.8875,3.92,3.84,,10/07/20
3.785,3.85,3.8925,3.785,,10/06/20
3.7875,3.795,3.825,3.7775,,10/05/20
3.815,3.7975,3.8325,3.7725,,10/02/20
3.79,3.8275,3.855,3.78,,10/01/20
3.6425,3.79,3.8275,3.62,,09/30/20
3.6675,3.6475,3.6775,3.61,,09/29/20
3.6425,3.6675,3.6975,3.605,,09/28/20
3.6325,3.6525,3.675,3.63,,09/25/20
3.68,3.635,3.6825,3.63,,09/24/20
3.6825,3.685,3.7025,3.6575,,09/23/20
3.6975,3.6925,3.7325,3.6575,,09/22/20
3.775,3.6975,3.7825,3.6825,,09/21/20
3.7425,3.785,3.7925,3.7325,,09/18/20
3.715,3.7525,3.7725,3.68,,09/17/20
3.655,3.7175,3.72,3.6175,,09/16/20
0,3.66,0,3.6525,,09/15/20
3.6675,3.575,3.6675,3.59,,09/14/20
3.555,3.65,3.66,3.555,,09/11/20
3.4975,3.5725,3.5775,3.4975,,09/10/20
3.4975,3.5,3.5125,3.485,,09/09/20
3.48,3.51,3.53,3.46,,09/08/20
3.44,3.4725,3.49,3.435,,09/04/20
3.4975,3.445,3.5,3.4375,,09/03/20
3.4925,3.4975,3.505,3.4525,,09/02/20
3.4775,3.495,3.5,3.4325,,09/01/20
3.4875,3.485,3.53,3.46,,08/31/20
3.4325,3.46,3.4775,3.4075,,08/28/20
3.4,3.4425,3.4475,3.39,,08/27/20
3.4025,3.405,3.4125,3.3725,,08/26/20
3.35,3.4075,3.415,3.3475,,08/25/20
3.28,3.3175,3.325,3.275,,08/24/20
3.2475,3.27,3.2775,3.2425,,08/21/20
3.2425,3.245,3.2575,3.2075,,08/20/20
3.26,3.25,3.2725,3.235,,08/19/20
3.3,3.27,3.32,3.2575,,08/18/20
3.27,3.31,3.31,3.265,,08/17/20
3.245,3.245,3.2525,3.215,,08/14/20
3.15,3.2525,3.275,3.1475,,08/13/20
3.1125,3.145,3.15,3.08,,08/12/20
3.1125,3.115,3.15,3.1025,,08/11/20
3.075,3.105,3.1175,3.075,,08/10/20
3.11,3.0775,3.1175,3.0725,,08/07/20
3.105,3.1125,3.1275,3.095,,08/06/20
3.09,3.11,3.1125,3.09,,08/05/20
3.165,3.0825,3.1675,3.0825,,08/04/20
3.15,3.175,3.1825,3.15,,08/03/20
3.1575,3.16,3.175,3.145,,07/31/20
3.155,3.1575,3.1925,3.1525,,07/30/20
3.2,3.155,3.215,3.1525,,07/29/20
3.23,3.2,3.235,3.2,,07/28/20
3.2525,3.25,3.275,3.2325,,07/27/20
3.28,3.2625,3.2975,3.255,,07/24/20
3.2725,3.28,3.295,3.25,,07/23/20
3.23,3.275,3.28,3.2225,,07/22/20
3.2775,3.2275,3.2775,3.22,,07/21/20
3.33,3.2825,3.335,3.26,,07/20/20
3.3025,3.33,3.3475,3.3025,,07/17/20
3.26,3.3025,3.3325,3.26,,07/16/20
0,3.2625,3.2875,3.2275,,07/15/20
3.34,3.3475,3.365,3.245,,07/14/20
3.3725,3.34,3.3725,3.32,,07/13/20
3.5025,3.405,3.52,3.4,,07/10/20
3.49,3.5125,3.565,3.4825,,07/09/20
3.435,3.4825,3.485,3.41,,07/08/20
3.475,3.45,3.475,3.4175,,07/07/20
3.4825,3.465,3.49,3.4525,,07/06/20
3.475,3.425,3.5025,3.4225,,07/02/20
3.385,3.4825,3.5125,3.375,,07/01/20
3.2525,3.385,3.42,3.2375,,06/30/20
3.1675,3.2625,3.265,3.16,,06/29/20
3.17,3.17,3.1975,3.135,,06/26/20
3.235,3.1725,3.2425,3.15,,06/25/20
3.245,3.2425,3.29,3.2375,,06/24/20
3.275,3.25,3.275,3.2125,,06/23/20
3.32,3.2825,3.3225,3.28,,06/22/20
3.2975,3.325,3.3375,3.275,,06/19/20
3.2975,3.31,3.3375,3.2875,,06/18/20
3.28,3.3025,3.3125,3.25,,06/17/20
3.3175,3.29,3.345,3.28,,06/16/20
3.2925,3.2925,3.3,3.255,,06/15/20
3.295,3.3,3.33,3.2825,,06/12/20
3.26,3.2975,3.31,3.2525,,06/11/20
3.2725,3.2625,3.28,3.2425,,06/10/20
3.3225,3.275,3.34,3.2675,,06/09/20
3.335,3.3375,3.3475,3.31,,06/08/20
3.2875,3.3125,3.325,3.2825,,06/05/20
3.2425,3.29,3.295,3.24,,06/04/20
3.2425,3.24,3.245,3.2125,,06/03/20
3.235,3.2425,3.2525,3.22,,06/02/20
3.255,3.2325,3.2775,3.1925,,06/01/20
3.275,3.2575,3.295,3.2325,,05/29/20
3.2025,3.275,3.3075,3.195,,05/28/20
3.2,3.205,3.2175,3.1925,,05/27/20
3.1675,3.19,3.23,3.165,,05/26/20
3.1775,3.18,3.19,3.16,,05/22/20
3.19,3.1775,3.2025,3.1625,,05/21/20
3.2125,3.195,3.215,3.1725,,05/20/20
3.2075,3.2125,3.255,3.205,,05/19/20
3.2,3.2075,3.22,3.18,,05/18/20
0,3.1925,3.205,0,,05/15/20
0,3.2025,0,0,,05/14/20
3.235,3.2025,3.235,3.2,,05/13/20
3.1875,3.2375,3.245,3.1275,,05/12/20
3.2,3.185,3.2225,3.18,,05/11/20
3.1775,3.19,3.2175,3.175,,05/08/20
3.135,3.16,3.18,3.1325,,05/07/20
3.15,3.1175,3.15,3.11,,05/06/20
3.105,3.13,3.1475,3.105,,05/05/20
3.095,3.1075,3.1,3.055,,05/04/20
3.11,3.115,3.115,3.08,,05/01/20
3.0525,3.115,3.13,3.035,,04/30/20
3.0275,3.045,3.0875,3.0025,,04/29/20
3.05,3.0275,3.085,3.0125,,04/28/20
3.15,3.055,3.1575,3.0425,,04/27/20
3.1925,3.1575,3.2075,3.12,,04/24/20
3.17,3.1925,3.235,3.15,,04/23/20
3.1,3.175,3.2025,3.0825,,04/22/20
3.1425,3.0925,3.1625,3.01,,04/21/20
3.225,3.1425,3.2325,3.135,,04/20/20
3.1975,3.2225,3.255,3.195,,04/17/20
3.1875,3.1975,3.23,3.1775,,04/16/20
3.26,3.1925,3.2675,3.175,,04/15/20
3.3125,3.26,3.32,3.2575,,04/14/20
3.3225,3.315,3.34,3.265,,04/13/20
3.3075,3.3175,3.335,3.28,,04/09/20
3.32,3.3,3.34,3.2825,,04/08/20
3.28,3.315,3.355,3.28,,04/07/20
3.2975,3.2775,3.3175,3.255,,04/06/20
3.345,3.3075,3.385,3.28,,04/03/20
3.35,3.335,3.4325,3.33,,04/02/20
3.4125,3.3475,3.4275,3.335,,04/01/20
3.4175,3.4075,3.4475,3.335,,03/31/20
3.43,3.4125,3.4675,3.4,,03/30/20
3.485,3.46,3.5,3.425,,03/27/20
3.4825,3.4875,3.4925,3.4375,,03/26/20
3.475,3.485,3.5275,3.4575,,03/25/20
3.435,3.4725,3.505,3.38,,03/24/20
3.4025,3.435,3.455,3.3825,,03/23/20
3.465,3.4375,3.5675,3.4225,,03/20/20
3.365,3.455,3.5475,3.365,,03/19/20
3.44,3.3525,3.4525,3.32,,03/18/20
3.5525,3.44,3.5675,3.4275,,03/17/20
3.625,3.5475,3.6775,3.54,,03/16/20
3.7,3.7075,3.755,3.7,,03/13/20
3.775,3.6975,3.775,3.67,,03/12/20
3.8025,3.7925,3.805,3.77,,03/11/20
3.79,3.8,3.815,3.775,,03/10/20
3.72,3.7425,3.775,3.685,,03/09/20
3.8375,3.7725,3.855,3.77,,03/06/20
3.875,3.845,3.875,3.82,,03/05/20
3.82,3.87,3.885,3.8,,03/04/20
3.7575,3.8175,3.8375,3.7575,,03/03/20
3.665,3.7475,3.7575,3.66,,03/02/20
3.645,3.665,3.6725,3.6275,,02/28/20
3.6975,3.645,3.7,3.6175,,02/27/20
3.72,3.705,3.74,3.6825,,02/26/20
3.73,3.725,3.7475,3.7125,,02/25/20
3.7625,3.7225,3.7625,3.7,,02/24/20
3.7825,3.77,3.805,3.7625,,02/21/20
3.8075,3.785,3.8125,3.78,,02/20/20
3.8225,3.805,3.8275,3.785,,02/19/20
3.785,3.83,3.8325,3.78,,02/18/20
3.795,3.7775,3.815,3.7625,,02/14/20
3.8225,3.795,3.8275,3.79,,02/13/20
3.7975,3.83,3.8375,3.7825,,02/12/20
3.81,3.7975,3.82,3.78,,02/11/20
3.8325,3.8175,3.835,3.79,,02/10/20
3.8025,3.835,3.85,3.8,,02/07/20
3.8025,3.7925,3.8175,3.76,,02/06/20
3.815,3.8075,3.8325,3.795,,02/05/20
3.7825,3.8225,3.835,3.7825,,02/04/20
3.805,3.7875,3.82,3.765,,02/03/20
3.815,3.8125,3.8275,3.7875,,01/31/20
3.845,3.795,3.85,3.785,,01/30/20
3.855,3.8425,3.8825,3.8275,,01/29/20
3.825,3.865,3.87,3.785,,01/28/20
3.8425,3.805,3.8475,3.7725,,01/27/20
3.9325,3.8725,3.9325,3.865,,01/24/20
3.885,3.9375,3.94,3.875,,01/23/20
3.875,3.8875,3.91,3.8675,,01/22/20
3.89,3.875,3.8925,3.8425,,01/21/20
3.77,3.8925,3.895,3.7675,,01/17/20
3.8725,3.755,3.8775,3.7525,,01/16/20
3.8875,3.875,3.9025,3.865,,01/15/20
3.8925,3.89,3.905,3.8825,,01/14/20
3.865,3.895,3.895,3.855,,01/13/20
3.8325,3.8575,3.8675,3.765,,01/10/20
3.8375,3.8325,3.87,3.8225,,01/09/20
3.84,3.8425,3.855,3.8225,,01/08/20
3.85,3.845,3.8575,3.835,,01/07/20
3.8625,3.8475,3.8775,3.8275,,01/06/20
3.915,3.865,3.92,3.855,,01/03/20
3.8775,3.915,3.92,3.8725,,01/02/20
3.8825,3.8775,3.8975,3.8625,,12/31/19
3.8925,3.8825,3.92,3.8675,,12/30/19
3.88,3.9,3.91,3.88,,12/27/19
3.88,3.885,3.89,3.865,,12/26/19
3.885,3.875,3.89,3.87,,12/24/19
3.88,3.8875,3.9025,3.8725,,12/23/19
3.865,3.8775,3.895,3.86,,12/20/19
3.87,3.865,3.89,3.85,,12/19/19
3.8925,3.87,3.9,3.8575,,12/18/19
3.875,3.9,3.905,3.8625,,12/17/19
3.835,3.88,3.895,3.8325,,12/16/19
3.7375,3.6625,3.745,3.6625,,12/13/19
3.5825,3.67,3.6875,3.5825,,12/12/19
3.63,3.5775,3.63,3.57,,12/11/19
3.6575,3.6325,3.67,3.625,,12/10/19
3.665,3.6575,3.68,3.65,,12/09/19
3.6475,3.665,3.6875,3.6475,,12/06/19
3.685,3.655,3.6975,3.6525,,12/05/19
3.7175,3.6875,3.735,3.6775,,12/04/19
3.7375,3.72,3.76,3.715,,12/03/19
3.7175,3.735,3.755,3.71,,12/02/19
3.6575,3.7125,3.7225,3.65,,11/29/19
3.6725,3.6275,3.6875,3.6225,,11/27/19
3.6975,3.675,3.705,3.67,,11/26/19
3.6875,3.705,3.7275,3.6825,,11/25/19
3.68,3.6875,3.7025,3.675,,11/22/19
3.6675,3.685,3.6975,3.6625,,11/21/19
3.6975,3.6675,3.705,3.6575,,11/20/19
3.6775,3.7,3.73,3.6775,,11/19/19
3.71,3.6775,3.7175,3.675,,11/18/19
3.755,3.7125,3.765,3.7075,,11/15/19
3.7525,3.7575,3.775,3.745,,11/14/19
3.77,3.7525,3.7775,3.75,,11/13/19
3.745,3.7775,3.78,3.7275,,11/12/19
3.735,3.7325,3.745,3.7325,,11/11/19
3.76,3.7525,3.765,3.75,,11/10/19
3.7525,3.7725,3.8375,3.725,,11/08/19
3.7925,3.7525,3.8,3.7375,,11/07/19
3.8225,3.7875,3.85,3.775,,11/06/19
3.8325,3.8175,3.8475,3.805,,11/05/19
3.8675,3.8325,3.8775,3.83,,11/04/19
3.8925,3.8925,3.9175,3.8625,,11/01/19
3.9025,3.9,3.91,3.8475,,10/31/19
3.8575,3.9075,3.9125,3.8525,,10/30/19
3.835,3.8625,3.875,3.82,,10/29/19
3.86,3.84,3.865,3.8325,,10/28/19
3.87,3.8675,3.9,3.8575,,10/25/19
3.885,3.8675,3.9075,3.8525,,10/24/19
3.8775,3.8775,3.895,3.84,,10/23/19
3.87,3.88,3.925,3.85,,10/22/19
3.9,3.8725,3.9375,3.865,,10/21/19
3.94,3.91,3.9575,3.8975,,10/18/19
3.9175,3.9475,3.9725,3.915,,10/17/19
3.92,3.9175,3.9275,3.875,,10/16/19
3.97,3.9325,3.985,3.925,,10/15/19
4.0125,3.9775,4.025,3.9325,,10/14/19
3.8075,3.9775,3.9875,3.805,,10/11/19
3.9275,3.8025,3.95,3.7825,,10/10/19
3.955,3.9425,3.9725,3.93,,10/09/19
3.875,3.9575,3.965,3.86,,10/08/19
3.875,3.87,3.8775,3.85,,10/07/19
3.88,3.8475,3.89,3.8375,,10/04/19
3.87,3.8875,3.9075,3.855,,10/03/19
3.905,3.8775,3.9175,3.855,,10/02/19
3.8675,3.925,3.9275,3.8525,,10/01/19
3.72,3.88,3.8825,3.715,,09/30/19
3.7125,3.715,3.73,3.6975,,09/27/19
3.735,3.725,3.7575,3.6825,,09/26/19
3.7525,3.7425,3.775,3.7225,,09/25/19
3.72,3.7475,3.76,3.7025,,09/24/19
3.7125,3.7325,3.745,3.71,,09/23/19
3.7275,3.7075,3.745,3.695,,09/20/19
3.715,3.7275,3.7375,3.695,,09/19/19
3.6775,3.7125,3.72,3.6575,,09/18/19
3.74,3.68,3.7425,3.66,,09/17/19
3.72,3.74,3.7475,3.675,,09/16/19
3.585,3.555,3.585,3.585,,09/13/19
3.4975,3.545,3.5375,3.495,,09/12/19
3.4975,3.4825,3.4975,3.4475,,09/11/19
3.44,3.485,3.495,3.44,,09/10/19
3.4325,3.4075,3.4325,3.4,,09/09/19
3.475,3.425,3.4825,3.415,,09/06/19
3.465,3.465,3.495,3.465,,09/05/19
3.505,3.46,3.51,3.445,,09/04/19
3.5875,3.4975,3.59,3.49,,09/03/19
3.5975,3.58,3.645,3.5675,,08/30/19
3.63,3.5975,3.69,3.575,,08/29/19
3.5725,3.6275,3.655,3.5525,,08/28/19
3.59,3.57,3.6,3.5675,,08/27/19
3.58,3.585,3.62,3.57,,08/26/19
3.6275,3.5975,3.63,3.575,,08/23/19
3.63,3.6325,3.665,3.59,,08/22/19
3.6,3.625,3.64,3.57,,08/21/19
3.665,3.595,3.7025,3.5925,,08/20/19
3.6725,3.65,3.6825,3.6325,,08/19/19
3.615,3.71,3.7125,3.6125,,08/16/19
3.6025,3.6075,3.6375,3.5825,,08/15/19
3.6625,3.59,3.705,3.585,,08/14/19
3.79,3.66,3.79,3.655,,08/13/19
4.0975,3.8525,4.1,3.8525,,08/12/19
4.1075,4.1025,4.17,4.0725,,08/09/19
4.0725,4.11,4.12,4.055,,08/08/19
4.0475,4.065,4.075,4.005,,08/07/19
4.0575,4.04,4.08,4.0075,,08/06/19
4,4.0525,4.0675,3.91,,08/05/19
3.9475,3.995,4,3.935,,08/02/19
4.0175,3.9275,4.03,3.8725,,08/01/19
4.1075,4.0025,4.1375,4,,07/31/19
4.17,4.1125,4.17,4.1025,,07/30/19
4.1325,4.17,4.195,4.12,,07/29/19
4.1825,4.145,4.195,4.13,,07/26/19
4.24,4.185,4.2575,4.18,,07/25/19
4.25,4.24,4.305,4.215,,07/24/19
4.2375,4.255,4.265,4.1825,,07/23/19
4.3075,4.2225,4.3225,4.21,,07/22/19
4.255,4.3075,4.34,4.2375,,07/19/19
4.35,4.245,4.36,4.2325,,07/18/19
4.3525,4.36,4.415,4.315,,07/17/19
4.3775,4.3525,4.4075,4.29,,07/16/19
4.5925,4.41,4.6,4.3975,,07/15/19
4.4775,4.495,4.57,4.4775,,07/12/19
4.3325,4.4775,4.48,4.3325,,07/11/19
4.3,4.3425,4.3475,4.28,,07/10/19
4.3725,4.3175,4.3775,4.2925,,07/09/19
4.4075,4.385,4.4275,4.32,,07/08/19
4.33,4.34,4.355,4.27,,07/05/19
4.17,4.33,4.3375,4.17,,07/03/19
4.125,4.135,4.155,4.0825,,07/02/19
4.2425,4.12,4.2475,4.1025,,07/01/19
4.39,4.2025,4.55,4.11,,06/28/19
4.43,4.4,4.455,4.385,,06/27/19
4.47,4.4325,4.4725,4.4075,,06/26/19
4.51,4.475,4.53,4.465,,06/25/19
4.4225,4.4675,4.4775,4.4025,,06/24/19
4.52,4.4225,4.54,4.4175,,06/21/19
4.415,4.5,4.5075,4.365,,06/20/19
4.4975,4.41,4.5175,4.3825,,06/19/19
4.555,4.4975,4.58,4.4275,,06/18/19
4.5825,4.5475,4.6425,4.505,,06/17/19
4.42,4.53,4.5725,4.4175,,06/14/19
4.2975,4.42,4.4275,4.295,,06/13/19
4.2775,4.3,4.345,4.24,,06/12/19
4.15,4.2775,4.3025,4.0825,,06/11/19
4.13,4.1575,4.165,4.09,,06/10/19
4.21,4.1575,4.235,4.15,,06/07/19
4.145,4.205,4.215,4.07,,06/06/19
4.2425,4.1475,4.2475,4.1225,,06/05/19
4.35,4.2525,4.36,4.2125,,06/04/19
4.2625,4.2425,4.3075,4.1825,,06/03/19
4.35,4.27,4.375,4.2325,,05/31/19
4.165,4.3625,4.3675,4.1325,,05/30/19
4.2925,4.1875,4.38,4.1225,,05/29/19
4.08,4.2025,4.21,4.075,,05/28/19
3.905,4.0425,4.0475,3.8975,,05/24/19
3.94,3.8975,3.99,3.87,,05/23/19
3.9325,3.945,3.965,3.8625,,05/22/19
3.9325,3.9425,3.99,3.9125,,05/21/19
3.86,3.89,3.915,3.8575,,05/20/19
3.8,3.8325,3.8475,3.8,,05/17/19
3.6875,3.79,3.8075,3.6875,,05/16/19
0,3.695,3.8,0,,05/15/19
3.5425,3.605,3.6075,3.535,,05/14/19
3.355,3.475,3.4825,3.355,,05/13/19
3.465,3.425,3.465,3.3825,,05/10/19
3.5,3.445,3.5,3.44,,05/09/19
3.565,3.5525,3.565,3.5325,,05/08/19
3.57,3.58,3.5925,3.55,,05/07/19
3.525,3.5575,3.56,3.49,,05/06/19
3.6225,3.63,3.6325,3.6025,,05/03/19
3.61,3.62,3.6225,3.585,,05/02/19
3.535,3.6,3.605,3.535,,05/01/19
3.5225,3.5325,3.54,3.4925,,04/30/19
3.5325,3.52,3.56,3.5125,,04/29/19
3.4725,3.5125,3.535,3.47,,04/26/19
3.46,3.475,3.51,3.4225,,04/25/19
3.51,3.4675,3.525,3.455,,04/24/19
3.5475,3.5125,3.55,3.5025,,04/23/19
3.59,3.5475,3.59,3.5425,,04/22/19
3.58,3.585,3.5925,3.57,,04/18/19
3.5825,3.5825,3.6,3.5675,,04/17/19
3.625,3.59,3.625,3.5725,,04/16/19
3.6125,3.6275,3.6425,3.61,,04/15/19
3.6025,3.61,3.615,3.585,,04/12/19
3.6125,3.6,3.63,3.585,,04/11/19
3.6025,3.6175,3.6275,3.6,,04/10/19
3.5975,3.6,3.6225,3.5525,,04/09/19
3.6225,3.6,3.635,3.595,,04/08/19
3.645,3.625,3.6475,3.605,,04/05/19
3.6275,3.6525,3.6625,3.6275,,04/04/19
3.6125,3.6275,3.6475,3.605,,04/03/19
3.6225,3.615,3.635,3.5925,,04/02/19
3.565,3.6175,3.63,3.565,,04/01/19
3.7375,3.565,3.75,3.56,,03/29/19
3.7375,3.74,3.7475,3.72,,03/28/19
3.7675,3.7375,3.77,3.72,,03/27/19
3.7925,3.7725,3.805,3.755,,03/26/19
3.7875,3.7975,3.8075,3.7675,,03/25/19
3.7575,3.7825,3.8075,3.755,,03/22/19
3.71,3.7625,3.775,3.705,,03/21/19
3.715,3.715,3.725,3.6875,,03/20/19
3.72,3.7125,3.7375,3.6775,,03/19/19
3.74,3.715,3.755,3.7025,,03/18/19
0,3.7325,3.7375,0,,03/15/19
3.6025,3.615,3.6325,3.6,,03/14/19
3.5725,3.5725,3.595,3.55,,03/13/19
3.5325,3.565,3.5775,3.5275,,03/12/19
3.5775,3.5475,3.5825,3.54,,03/08/19
3.6225,3.56,3.6225,3.5575,,03/07/19
3.66,3.625,3.66,3.61,,03/06/19
3.66,3.66,3.6725,3.6475,,03/05/19
3.6525,3.65,3.68,3.645,,03/04/19
3.6175,3.64,3.64,3.575,,03/01/19
3.6375,3.62,3.6475,3.6125,,02/28/19
3.66,3.6375,3.6825,3.625,,02/27/19
3.7075,3.6625,3.7125,3.655,,02/26/19
3.7775,3.705,3.785,3.7,,02/25/19
3.7475,3.7525,3.7775,3.745,,02/22/19
3.71,3.755,3.785,3.705,,02/21/19
3.715,3.7075,3.735,3.685,,02/20/19
3.7425,3.6975,3.7625,3.69,,02/19/19
3.7475,3.7475,3.765,3.73,,02/15/19
3.7875,3.7475,3.79,3.74,,02/14/19
3.775,3.7875,3.79,3.7625,,02/13/19
3.735,3.7825,3.7875,3.73,,02/12/19
3.745,3.7275,3.75,3.7175,,02/11/19
3.765,3.7425,3.8175,3.74,,02/08/19
3.7975,3.765,3.8025,3.7625,,02/07/19
3.805,3.8,3.8075,3.79,,02/06/19
3.795,3.8075,3.8125,3.77,,02/05/19
3.7775,3.7925,3.7975,3.765,,02/04/19
3.765,3.7825,3.8075,3.765,,02/01/19
3.81,3.765,3.815,3.7575,,01/31/19
3.7775,3.8125,3.815,3.775,,01/30/19
3.7975,3.7725,3.8075,3.76,,01/29/19
3.795,3.7975,3.81,3.78,,01/28/19
3.77,3.8025,3.805,3.76,,01/25/19
3.7875,3.77,3.7975,3.7575,,01/24/19
3.795,3.7875,3.8175,3.78,,01/23/19
3.8075,3.79,3.8225,3.7675,,01/22/19
3.7975,3.8175,3.83,3.7775,,01/18/19
3.74,3.8,3.815,3.7375,,01/17/19
3.7275,3.74,3.75,3.725,,01/16/19
3.795,3.7125,3.81,3.71,,01/15/19
3.785,3.785,3.81,3.77,,01/14/19
3.77,3.7825,3.7925,3.7675,,01/11/19
3.815,3.7625,3.8275,3.76,,01/10/19
3.805,3.82,3.835,3.805,,01/09/19
3.825,3.8,3.845,3.79,,01/08/19
3.8225,3.8225,3.84,3.8175,,01/07/19
3.8,3.83,3.835,3.7975,,01/04/19
3.755,3.7975,3.805,3.7475,,01/03/19
3.7525,3.7575,3.7775,3.74,,01/02/19
3.755,3.75,3.77,3.7275,,12/31/18
3.745,3.755,3.775,3.745,,12/28/18
3.7325,3.745,3.765,3.7325,,12/27/18
3.7825,3.7325,3.7925,3.725,,12/26/18
3.7825,3.7775,3.79,3.7525,,12/24/18
3.755,3.785,3.795,3.7475,,12/21/18
3.8175,3.7525,3.8275,3.75,,12/20/18
3.85,3.8175,3.8525,3.815,,12/19/18
3.8375,3.855,3.865,3.8325,,12/18/18
3.8425,3.84,3.86,3.8325,,12/17/18
3.78,3.7675,3.79,3.775,,12/14/18
3.75,3.755,3.775,3.74,,12/13/18
3.755,3.7625,3.78,3.755,,12/12/18
3.7375,3.75,3.765,3.7275,,12/11/18
3.7425,3.7425,3.76,3.7275,,12/10/18
3.7175,3.74,3.7475,3.715,,12/07/18
3.74,3.72,3.745,3.6925,,12/06/18
3.735,3.7425,3.76,3.725,,12/05/18
3.7,3.7425,3.7425,3.695,,12/04/18
3.7275,3.7125,3.74,3.695,,12/03/18
3.6075,3.665,3.6675,3.605,,11/30/18
3.605,3.6025,3.63,3.59,,11/29/18
3.5625,3.605,3.615,3.56,,11/28/18
3.56,3.565,3.585,3.555,,11/27/18
3.595,3.56,3.605,3.5525,,11/26/18
3.61,3.59,3.6175,3.5875,,11/23/18
3.6125,3.6175,3.6325,3.6,,11/21/18
3.6275,3.6125,3.635,3.6125,,11/20/18
3.6475,3.6225,3.6625,3.6125,,11/19/18
3.6725,3.6475,3.6875,3.6325,,11/16/18
3.6675,3.675,3.7175,3.665,,11/15/18
3.66,3.67,3.68,3.6575,,11/14/18
3.695,3.665,3.7075,3.655,,11/13/18
3.69,3.7125,3.725,3.68,,11/12/18
3.7275,3.6975,3.74,3.6825,,11/09/18
3.72,3.735,3.79,3.66,,11/08/18
3.7225,3.7225,3.7325,3.71,,11/07/18
3.7375,3.7325,3.745,3.72,,11/06/18
3.71,3.74,3.7425,3.695,,11/05/18
3.6625,3.7125,3.73,3.6525,,11/02/18
3.6325,3.6675,3.71,3.63,,11/01/18
3.6475,3.6325,3.6525,3.625,,10/31/18
3.6675,3.6475,3.68,3.6425,,10/30/18
3.68,3.6675,3.715,3.655,,10/29/18
3.6175,3.6775,3.6975,3.6175,,10/26/18
3.6775,3.61,3.6825,3.605,,10/25/18
3.695,3.6825,3.6975,3.6775,,10/24/18
3.6925,3.7025,3.725,3.68,,10/23/18
3.655,3.695,3.705,3.655,,10/22/18
3.705,3.67,3.71,3.66,,10/19/18
3.73,3.7075,3.7325,3.695,,10/18/18
3.75,3.7425,3.7625,3.7325,,10/17/18
3.7725,3.7525,3.775,3.735,,10/16/18
3.73,3.7825,3.785,3.7175,,10/15/18
3.69,3.7375,3.74,3.685,,10/12/18
3.62,3.6925,3.73,3.6025,,10/11/18
3.645,3.6275,3.6525,3.62,,10/10/18
3.665,3.645,3.68,3.6375,,10/09/18
3.685,3.665,3.695,3.6425,,10/08/18
3.675,3.6825,3.695,3.63,,10/05/18
3.6475,3.675,3.685,3.6475,,10/04/18
3.6775,3.6475,3.69,3.645,,10/03/18
3.65,3.675,3.69,3.6325,,10/02/18
3.5675,3.6575,3.665,3.565,,10/01/18
3.645,3.5625,3.6675,3.545,,09/28/18
3.63,3.6475,3.6575,3.6125,,09/27/18
3.635,3.63,3.6475,3.6125,,09/26/18
3.6025,3.6375,3.6425,3.575,,09/25/18
3.5725,3.605,3.62,3.5575,,09/24/18
3.525,3.5725,3.5775,3.5225,,09/21/18
3.4525,3.525,3.5625,3.4475,,09/20/18
3.43,3.4575,3.4675,3.43,,09/19/18
3.48,3.4325,3.4875,3.425,,09/18/18
3.51,3.48,3.5175,3.4775,,09/17/18
3.385,3.37,3.3875,3.375,,09/14/18
3.445,3.3625,3.445,3.37,,09/13/18
3.5425,3.415,3.545,3.405,,09/12/18
3.5725,3.5525,3.5725,3.5475,,09/11/18
3.5325,3.555,3.56,3.53,,09/10/18
3.5275,3.5425,3.5575,3.51,,09/07/18
3.535,3.535,3.545,3.5075,,09/06/18
3.56,3.5175,3.56,3.51,,09/05/18
3.515,3.545,3.5525,3.4725,,09/04/18
3.41,3.51,3.52,3.4075,,08/31/18
3.415,3.41,3.44,3.405,,08/30/18
3.41,3.4125,3.44,3.4025,,08/29/18
3.4575,3.41,3.4775,3.4075,,08/28/18
3.485,3.4675,3.4875,3.43,,08/27/18
3.465,3.485,3.5,3.4625,,08/24/18
3.53,3.4675,3.55,3.4625,,08/23/18
3.5925,3.525,3.5925,3.5225,,08/22/18
3.6275,3.5975,3.6375,3.585,,08/21/18
3.6525,3.62,3.66,3.595,,08/20/18
3.65,3.6425,3.6775,3.6175,,08/17/18
3.615,3.6525,3.675,3.605,,08/16/18
3.6225,3.615,3.635,3.59,,08/15/18
3.565,3.6225,3.63,3.565,,08/14/18
3.575,3.565,3.58,3.5225,,08/13/18
3.685,3.5775,3.6975,3.57,,08/10/18
3.71,3.6925,3.7275,3.665,,08/09/18
3.705,3.7125,3.7375,3.7,,08/08/18
3.71,3.7075,3.7325,3.6875,,08/07/18
3.7,3.71,3.7175,3.6825,,08/06/18
3.6675,3.6975,3.7125,3.6475,,08/03/18
3.65,3.6675,3.7275,3.6475,,08/02/18
3.72,3.65,3.73,3.64,,08/01/18
3.67,3.7225,3.7425,3.6625,,07/31/18
3.64,3.6725,3.6925,3.635,,07/30/18
3.61,3.62,3.6375,3.595,,07/27/18
3.61,3.615,3.6575,3.6025,,07/26/18
3.5225,3.5925,3.6,3.52,,07/25/18
3.5525,3.52,3.565,3.515,,07/24/18
3.56,3.5725,3.585,3.545,,07/23/18
3.5125,3.5525,3.5575,3.4975,,07/20/18
3.47,3.5125,3.52,3.45,,07/19/18
3.4625,3.4725,3.49,3.46,,07/18/18
3.45,3.4625,3.4875,3.4425,,07/17/18
3.4,3.4175,3.4575,3.3875,,07/16/18
3.3225,3.3025,3.325,3.3225,,07/13/18
3.3225,3.365,3.4075,3.2975,,07/12/18
3.36,3.3125,3.37,3.315,,07/11/18
3.4425,3.3975,3.4475,3.3625,,07/10/18
3.46,3.4575,3.485,3.4325,,07/09/18
3.42,3.5175,3.5225,3.42,,07/06/18
3.455,3.435,3.4875,3.4225,,07/05/18
3.4025,3.4275,3.4525,3.3925,,07/03/18
3.5225,3.375,3.5225,3.37,,07/02/18
3.4575,3.5025,3.555,3.455,,06/29/18
3.515,3.45,3.525,3.445,,06/28/18
3.52,3.525,3.565,3.515,,06/27/18
3.505,3.525,3.555,3.48,,06/26/18
3.585,3.505,3.595,3.4925,,06/25/18
3.58,3.5725,3.5975,3.55,,06/22/18
3.5425,3.57,3.59,3.4925,,06/21/18
3.54,3.5425,3.57,3.475,,06/20/18
3.5575,3.5375,3.5775,3.3875,,06/19/18
3.595,3.56,3.62,3.54,,06/18/18
3.645,3.6125,3.6825,3.5525,,06/15/18
3.74,3.63,3.7475,3.625,,06/14/18
3.775,3.76,3.7975,3.7325,,06/13/18
3.68,3.775,3.795,3.6725,,06/12/18
3.765,3.6725,3.79,3.6675,,06/11/18
3.7625,3.7775,3.79,3.735,,06/08/18
3.79,3.7625,3.82,3.7425,,06/07/18
3.8425,3.7825,3.865,3.78,,06/06/18
3.8075,3.8375,3.8525,3.8,,06/05/18
3.8975,3.8075,3.8975,3.805,,06/04/18
3.9375,3.915,3.97,3.9075,,06/01/18
3.935,3.94,3.985,3.9325,,05/31/18
3.9825,3.935,3.985,3.9075,,05/30/18
4.0875,4,4.1,3.975,,05/29/18
4.04,4.06,4.0675,4.0325,,05/25/18
4.0825,4.0425,4.1225,4.0375,,05/24/18
4.045,4.085,4.09,4.03,,05/23/18
4.0225,4.0475,4.07,4.01,,05/22/18
0,4.0275,0,0,,05/21/18
3.9525,4.025,4.035,3.95,,05/18/18
3.99,3.9525,4.02,3.95,,05/17/18
4.0175,3.9925,4.0475,3.98,,05/16/18
0,4.0225,4.025,0,,05/15/18
3.885,3.89,3.8875,3.875,,05/14/18
3.94,3.8975,3.9475,3.8975,,05/11/18
3.955,3.9475,3.9975,3.9325,,05/10/18
3.9625,3.9475,3.97,3.94,,05/09/18
3.9275,3.955,3.96,3.9125,,05/08/18
3.9725,3.9325,3.9725,3.9325,,05/07/18
3.995,3.9875,4,3.975,,05/04/18
3.96,3.995,3.995,3.95,,05/03/18
3.9625,3.96,3.9725,3.95,,05/02/18
3.93,3.9675,3.97,3.915,,05/01/18
3.9075,3.925,3.9575,3.905,,04/30/18
3.8525,3.895,3.905,3.8525,,04/27/18
3.86,3.86,3.87,3.84,,04/26/18
3.81,3.865,3.8725,3.805,,04/25/18
3.785,3.8125,3.815,3.77,,04/24/18
3.765,3.785,3.7925,3.7625,,04/23/18
3.8125,3.765,3.8175,3.7625,,04/20/18
3.8275,3.82,3.835,3.8075,,04/19/18
3.8075,3.83,3.835,3.8,,04/18/18
3.83,3.8025,3.845,3.7975,,04/17/18
3.85,3.825,3.8625,3.82,,04/16/18
3.885,3.8625,3.8925,3.85,,04/13/18
3.865,3.8875,3.8925,3.85,,04/12/18
3.8925,3.87,3.905,3.8575,,04/11/18
3.9,3.8925,3.9225,3.885,,04/10/18
3.8975,3.9075,3.925,3.8875,,04/09/18
3.82,3.885,3.9,3.82,,04/06/18
3.82,3.895,3.895,3.8075,,04/05/18
3.88,3.81,3.89,3.72,,04/04/18
3.87,3.885,3.92,3.8675,,04/03/18
3.8925,3.8725,3.925,3.87,,04/02/18
3.7375,3.8775,3.8925,3.7375,,03/29/18
3.7425,3.735,3.75,3.72,,03/28/18
3.74,3.74,3.76,3.7225,,03/27/18
3.785,3.74,3.8075,3.735,,03/26/18
3.7625,3.7725,3.7825,3.6925,,03/23/18
3.755,3.76,3.775,3.74,,03/22/18
3.75,3.75,3.7575,3.7375,,03/21/18
3.7525,3.745,3.77,3.7325,,03/20/18
3.82,3.75,3.82,3.7475,,03/19/18
3.8625,3.8275,3.875,3.825,,03/16/18
0,3.8675,3.9075,3.855,,03/15/18
3.865,3.835,3.865,3.8425,,03/14/18
3.8375,3.855,3.8875,3.835,,03/13/18
3.8275,3.8425,3.8425,3.805,,03/12/18
3.85,3.83,3.8525,3.825,,03/09/18
3.785,3.8575,3.8575,3.78,,03/08/18
3.7875,3.7925,3.8075,3.785,,03/07/18
3.7775,3.7975,3.8025,3.7725,,03/06/18
3.7625,3.7825,3.785,3.7475,,03/05/18
3.7775,3.7725,3.8025,3.76,,03/02/18
3.74,3.7825,3.775,3.72,,03/01/18
3.705,3.745,3.7675,3.6975,,02/28/18
3.6825,3.705,3.71,3.6775,,02/27/18
3.665,3.685,3.7,3.665,,02/26/18
3.6625,3.6625,3.6775,3.6525,,02/23/18
3.655,3.6675,3.67,3.6425,,02/22/18
3.6575,3.6575,3.685,3.6425,,02/21/18
3.69,3.655,3.7,3.6525,,02/20/18
3.68,3.675,3.685,3.665,,02/16/18
3.67,3.6775,3.6875,3.655,,02/15/18
3.665,3.6725,3.685,3.6475,,02/14/18
3.665,3.6675,3.685,3.66,,02/13/18
3.65,3.67,3.67,3.6425,,02/12/18
3.6475,3.62,3.655,3.615,,02/09/18
3.65,3.6575,3.6775,3.645,,02/08/18
3.6375,3.6525,3.6575,3.625,,02/07/18
3.5875,3.635,3.64,3.5625,,02/06/18
3.595,3.5875,3.6075,3.5725,,02/05/18
3.61,3.615,3.625,3.595,,02/02/18
3.6075,3.6175,3.62,3.585,,02/01/18
3.615,3.615,3.62,3.595,,01/31/18
3.595,3.615,3.6225,3.59,,01/30/18
3.5675,3.5875,3.5925,3.5675,,01/29/18
3.55,3.565,3.57,3.545,,01/26/18
3.56,3.5525,3.58,3.545,,01/25/18
3.5125,3.565,3.57,3.4975,,01/24/18
3.5175,3.5125,3.52,3.495,,01/23/18
3.535,3.52,3.545,3.5125,,01/22/18
3.515,3.525,3.54,3.5125,,01/19/18
3.525,3.515,3.54,3.505,,01/18/18
3.485,3.53,3.5325,3.4825,,01/17/18
3.4725,3.4825,3.4925,3.46,,01/16/18
3.4875,3.4625,3.5,3.455,,01/12/18
3.49,3.4875,3.505,3.48,,01/11/18
3.4875,3.49,3.5,3.48,,01/10/18
3.475,3.49,3.5,3.4725,,01/09/18
3.5075,3.4725,3.515,3.4675,,01/08/18
3.5075,3.5125,3.5225,3.5025,,01/05/18
3.53,3.51,3.535,3.5025,,01/04/18
3.53,3.53,3.5475,3.5225,,01/03/18
3.5125,3.5325,3.54,3.505,,01/02/18
3.5125,3.5075,3.515,3.5025,,12/29/17
3.53,3.52,3.535,3.5,,12/28/17
3.52,3.5375,3.5425,3.5175,,12/27/17
3.52,3.5275,3.5325,3.51,,12/26/17
3.5075,3.52,3.525,3.505,,12/22/17
3.49,3.5125,3.5175,3.485,,12/21/17
3.475,3.4925,3.4975,3.4725,,12/20/17
3.4675,3.475,3.4875,3.465,,12/19/17
3.4725,3.47,3.4875,3.465,,12/18/17
0,3.475,3.5075,3.465,,12/15/17
3.37,3.3625,3.38,3.3675,,12/14/17
3.3725,3.3675,3.375,3.365,,12/13/17
3.365,3.3575,3.4075,3.3525,,12/12/17
3.4,3.365,3.4,3.36,,12/11/17
3.385,3.4,3.4125,3.385,,12/08/17
3.39,3.3875,3.4,3.375,,12/07/17
3.39,3.3925,3.415,3.3775,,12/06/17
3.3975,3.3975,3.43,3.385,,12/05/17
3.4475,3.395,3.46,3.3875,,12/04/17
3.4175,3.4475,3.4525,3.41,,12/01/17
3.3925,3.4175,3.43,3.375,,11/30/17
3.3575,3.39,3.4,3.355,,11/29/17
3.39,3.3625,3.395,3.3575,,11/28/17
3.425,3.3875,3.425,3.385,,11/27/17
3.4425,3.4225,3.4575,3.3975,,11/24/17
3.4425,3.4525,3.47,3.44,,11/22/17
3.44,3.45,3.4575,3.4275,,11/21/17
3.425,3.45,3.4525,3.415,,11/20/17
3.365,3.43,3.435,3.365,,11/17/17
3.3825,3.365,3.39,3.3625,,11/16/17
3.3725,3.3825,3.39,3.37,,11/15/17
3.42,3.375,3.4225,3.3725,,11/14/17
3.435,3.4225,3.44,3.415,,11/13/17
3.4175,3.435,3.44,3.41,,11/10/17
3.475,3.415,3.4975,3.4075,,11/09/17
3.475,3.4825,3.49,3.4575,,11/08/17
3.4775,3.4775,3.4825,3.4625,,11/07/17
3.485,3.48,3.5025,3.4775,,11/06/17
3.5025,3.4825,3.51,3.475,,11/03/17
3.4775,3.505,3.52,3.475,,11/02/17
3.4575,3.4825,3.4925,3.4525,,11/01/17
3.48,3.4575,3.4875,3.455,,10/31/17
3.485,3.4875,3.4975,3.4725,,10/30/17
3.5025,3.4875,3.5025,3.475,,10/27/17
3.5075,3.505,3.52,3.495,,10/26/17
3.525,3.51,3.5525,3.505,,10/25/17
3.51,3.5275,3.53,3.495,,10/24/17
3.4425,3.5125,3.5175,3.43,,10/23/17
3.49,3.445,3.5,3.4425,,10/20/17
3.4875,3.49,3.515,3.485,,10/19/17
3.5025,3.485,3.505,3.4775,,10/18/17
3.5025,3.5,3.5175,3.485,,10/17/17
3.5275,3.505,3.5325,3.4975,,10/16/17
3.485,3.5275,3.535,3.4825,,10/13/17
3.46,3.49,3.54,3.425,,10/12/17
3.4875,3.46,3.49,3.455,,10/11/17
3.49,3.4925,3.5125,3.4825,,10/10/17
3.505,3.495,3.5175,3.48,,10/09/17
3.4925,3.5,3.51,3.485,,10/06/17
3.4825,3.495,3.5125,3.475,,10/05/17
3.4925,3.4825,3.495,3.46,,10/04/17
3.515,3.495,3.515,3.4875,,10/03/17
3.5475,3.515,3.5625,3.51,,10/02/17
3.5225,3.5525,3.58,3.5,,09/29/17
3.5325,3.525,3.5375,3.505,,09/28/17
3.52,3.54,3.545,3.485,,09/27/17
3.5275,3.5225,3.555,3.515,,09/26/17
3.5275,3.5375,3.55,3.5125,,09/25/17
3.4975,3.535,3.5625,3.495,,09/22/17
3.495,3.5025,3.5125,3.485,,09/21/17
3.48,3.5,3.515,3.4725,,09/20/17
3.51,3.4825,3.5325,3.465,,09/19/17
3.5325,3.515,3.555,3.505,,09/18/17
0,3.5475,3.555,3.525,,09/15/17
3.4325,3.4175,3.4325,3.4325,,09/14/17
3.395,3.385,3.4425,3.3925,,09/13/17
3.46,3.4,3.46,3.36,,09/12/17
3.4525,3.455,3.465,3.4275,,09/11/17
3.4225,3.4425,3.455,3.4225,,09/08/17
3.4675,3.4175,3.4675,3.4175,,09/07/17
3.4375,3.47,3.4725,3.42,,09/06/17
3.4325,3.4425,3.4575,3.4125,,09/05/17
3.415,3.4,3.455,3.38,,09/01/17
3.2925,3.4225,3.4275,3.285,,08/31/17
3.33,3.295,3.34,3.29,,08/30/17
3.355,3.335,3.36,3.32,,08/29/17
3.3875,3.36,3.4025,3.355,,08/28/17
3.42,3.3875,3.4275,3.38,,08/25/17
3.415,3.42,3.4275,3.4025,,08/24/17
3.4625,3.42,3.4875,3.415,,08/23/17
3.49,3.46,3.51,3.46,,08/22/17
3.505,3.49,3.5075,3.465,,08/21/17
3.5,3.52,3.525,3.4975,,08/18/17
3.525,3.505,3.5375,3.495,,08/17/17
3.55,3.525,3.5675,3.4925,,08/16/17
3.61,3.5525,3.61,3.54,,08/15/17
3.5875,3.6275,3.63,3.56,,08/14/17
3.5875,3.6075,3.615,3.5725,,08/11/17
3.7175,3.5725,3.755,3.565,,08/10/17
3.69,3.7225,3.725,3.6875,,08/09/17
3.725,3.6975,3.7425,3.6825,,08/08/17
3.6875,3.7225,3.725,3.6825,,08/07/17
3.635,3.665,3.68,3.6325,,08/04/17
3.65,3.635,3.6725,3.6125,,08/03/17
3.645,3.65,3.6725,3.6375,,08/02/17
3.6925,3.625,3.715,3.62,,08/01/17
3.71,3.7075,3.7225,3.675,,07/31/17
3.7375,3.7425,3.77,3.73,,07/28/17
3.74,3.7425,3.7725,3.73,,07/27/17
3.685,3.7275,3.7325,3.66,,07/26/17
3.82,3.6875,3.8375,3.685,,07/25/17
3.755,3.7725,3.775,3.71,,07/24/17
3.905,3.7975,3.91,3.785,,07/21/17
3.825,3.91,3.9325,3.805,,07/20/17
3.765,3.825,3.89,3.7425,,07/19/17
3.8075,3.77,3.8875,3.7525,,07/18/17
3.7575,3.75,3.7875,3.705,,07/17/17
3.69,3.7625,3.69,3.69,,07/14/17
3.7625,3.61,3.7625,3.6,,07/13/17
3.905,3.7625,3.9125,3.76,,07/12/17
3.9325,3.9225,3.945,3.87,,07/11/17
3.8775,3.9175,3.9225,3.8775,,07/10/17
3.79,3.8225,3.8675,3.7825,,07/07/17
3.8,3.8025,3.8125,3.75,,07/06/17
3.795,3.8175,3.8325,3.7475,,07/05/17
3.7325,3.78,3.8525,3.73,,07/03/17
3.6,3.705,3.725,3.595,,06/30/17
3.5675,3.5975,3.6225,3.5625,,06/29/17
3.595,3.5675,3.605,3.5675,,06/28/17
3.6125,3.5925,3.6425,3.5925,,06/27/17
3.585,3.59,3.6175,3.5725,,06/26/17
3.6275,3.5775,3.6475,3.565,,06/23/17
3.6875,3.6275,3.6925,3.625,,06/22/17
3.695,3.6875,3.735,3.6825,,06/21/17
3.7625,3.7,3.775,3.6925,,06/20/17
3.7825,3.7525,3.815,3.7525,,06/19/17
3.7875,3.84,3.845,3.77,,06/16/17
3.7675,3.795,3.82,3.7,,06/15/17
3.81,3.77,3.85,3.7675,,06/14/17
3.7925,3.81,3.8375,3.775,,06/13/17
3.86,3.7725,3.8725,3.7625,,06/12/17
3.8425,3.8775,3.895,3.8075,,06/09/17
3.85,3.8575,3.9175,3.8425,,06/08/17
3.7825,3.8475,3.87,3.7825,,06/07/17
3.72,3.7725,3.7975,3.7125,,06/06/17
3.7375,3.73,3.755,3.72,,06/05/17
3.705,3.7275,3.7475,3.695,,06/02/17
3.715,3.705,3.7375,3.675,,06/01/17
3.7025,3.72,3.765,3.69,,05/31/17
3.735,3.67,3.7375,3.6625,,05/30/17
3.6925,3.7425,3.7475,3.6875,,05/26/17
3.71,3.6925,3.73,3.6875,,05/25/17
3.7,3.7125,3.715,3.6875,,05/24/17
3.7475,3.695,3.7575,3.69,,05/23/17
3.7275,3.75,3.775,3.7175,,05/22/17
3.66,3.725,3.73,3.66,,05/19/17
3.715,3.66,3.715,3.6425,,05/18/17
3.67,3.715,3.7225,3.6625,,05/17/17
3.6725,3.6775,3.6875,3.6525,,05/16/17
3.705,3.6775,3.7175,3.6725,,05/15/17
3.61,3.6175,3.62,3.6,,05/12/17
3.6425,3.605,3.6425,3.6025,,05/11/17
3.5875,3.6525,3.65,3.5825,,05/10/17
3.5825,3.5825,3.605,3.5725,,05/09/17
3.605,3.5675,3.605,3.565,,05/08/17
3.59,3.6175,3.655,3.59,,05/05/17
3.67,3.58,3.675,3.575,,05/04/17
3.635,3.6625,3.675,3.6225,,05/03/17
3.6725,3.64,3.6975,3.6225,,05/02/17
3.63,3.6925,3.705,3.6175,,05/01/17
3.6,3.58,3.6125,3.555,,04/28/17
3.5875,3.62,3.64,3.585,,04/27/17
3.65,3.59,3.6725,3.5825,,04/26/17
3.5925,3.65,3.6825,3.5625,,04/25/17
3.58,3.5925,3.605,3.5625,,04/24/17
3.575,3.57,3.5875,3.5425,,04/21/17
3.6175,3.5775,3.6375,3.5725,,04/20/17
3.6125,3.6175,3.6525,3.605,,04/19/17
3.665,3.6175,3.68,3.6075,,04/18/17
3.71,3.665,3.72,3.655,,04/17/17
3.6875,3.71,3.73,3.685,,04/13/17
3.665,3.69,3.715,3.6625,,04/12/17
3.66,3.665,3.69,3.6225,,04/11/17
3.6,3.67,3.67,3.59,,04/10/17
3.605,3.595,3.6175,3.5725,,04/07/17
3.6425,3.6075,3.655,3.6,,04/06/17
3.63,3.6475,3.6575,3.615,,04/05/17
3.67,3.63,3.6975,3.6275,,04/04/17
3.6575,3.6775,3.7175,3.655,,04/03/17
3.58,3.6425,3.6675,3.55,,03/31/17
3.5825,3.575,3.5875,3.5675,,03/30/17
3.5725,3.585,3.6075,3.565,,03/29/17
3.56,3.5775,3.5875,3.5575,,03/28/17
3.5675,3.5575,3.5825,3.5425,,03/27/17
3.57,3.5625,3.58,3.5525,,03/24/17
3.585,3.5675,3.5975,3.5625,,03/23/17
3.6125,3.5875,3.6175,3.5825,,03/22/17
3.635,3.6125,3.64,3.5925,,03/21/17
3.69,3.635,3.7075,3.63,,03/20/17
3.6625,3.675,3.6775,3.645,,03/17/17
3.635,3.66,3.67,3.635,,03/16/17
0,3.635,3.6475,0,,03/15/17
3.54,3.5375,3.5825,3.53,,03/14/17
3.58,3.545,3.5875,3.535,,03/13/17
3.6025,3.58,3.6025,3.56,,03/10/17
3.66,3.5975,3.665,3.5925,,03/09/17
3.6925,3.6525,3.7025,3.65,,03/08/17
3.73,3.695,3.7325,3.675,,03/07/17
3.755,3.7275,3.77,3.71,,03/06/17
3.7175,3.7475,3.755,3.7125,,03/03/17
3.75,3.7275,3.7575,3.705,,03/02/17
3.6625,3.7575,3.76,3.6575,,03/01/17
3.615,3.6675,3.7875,3.6125,,02/28/17
3.6425,3.6025,3.655,3.595,,02/27/17
3.6575,3.64,3.6675,3.625,,02/24/17
3.705,3.655,3.7175,3.6525,,02/23/17
3.6925,3.71,3.7275,3.6925,,02/22/17
3.685,3.6925,3.7075,3.665,,02/21/17
3.7325,3.6825,3.7325,3.68,,02/17/17
3.78,3.735,3.8,3.73,,02/16/17
3.74,3.7875,3.79,3.7175,,02/15/17
3.75,3.7425,3.7525,3.73,,02/14/17
3.735,3.755,3.7675,3.7175,,02/13/17
3.685,3.745,3.755,3.685,,02/10/17
3.695,3.695,3.7275,3.675,,02/09/17
3.68,3.7075,3.71,3.665,,02/08/17
3.6375,3.685,3.69,3.625,,02/07/17
3.64,3.6375,3.6875,3.625,,02/06/17
3.6575,3.6525,3.6775,3.64,,02/03/17
3.675,3.675,3.6975,3.6625,,02/02/17
3.6,3.6825,3.685,3.58,,02/01/17
3.585,3.5975,3.6125,3.5775,,01/31/17
3.615,3.5775,3.6175,3.5575,,01/30/17
3.6325,3.625,3.6425,3.605,,01/27/17
3.66,3.6375,3.6675,3.62,,01/26/17
3.6325,3.6625,3.6675,3.61,,01/25/17
3.6925,3.6325,3.71,3.6225,,01/24/17
3.695,3.695,3.7,3.675,,01/23/17
3.66,3.6975,3.7,3.65,,01/20/17
3.64,3.6625,3.675,3.6275,,01/19/17
3.645,3.65,3.6775,3.6275,,01/18/17
3.59,3.655,3.665,3.585,,01/17/17
3.575,3.585,3.595,3.5525,,01/13/17
3.57,3.5825,3.6,3.53,,01/12/17
3.5775,3.5725,3.5825,3.52,,01/11/17
3.5925,3.5825,3.595,3.5725,,01/10/17
3.59,3.6,3.6075,3.5525,,01/09/17
3.6075,3.58,3.625,3.5675,,01/06/17
3.595,3.6125,3.6275,3.585,,01/05/17
3.55,3.5975,3.6,3.5475,,01/04/17
3.52,3.5575,3.585,3.515,,01/03/17
3.495,3.52,3.53,3.4775,,12/30/16
3.4825,3.4975,3.51,3.475,,12/29/16
3.5425,3.4825,3.5475,3.4725,,12/28/16
3.465,3.55,3.56,3.4625,,12/27/16
3.47,3.4575,3.4775,3.455,,12/23/16
3.4725,3.4725,3.48,3.46,,12/22/16
3.5,3.4725,3.5125,3.4675,,12/21/16
3.5325,3.5025,3.5375,3.4925,,12/20/16
3.56,3.5325,3.5675,3.515,,12/19/16
3.56,3.5625,3.59,3.535,,12/16/16
0,3.565,3.63,3.5625,,12/15/16
3.5675,3.5175,3.57,3.535,,12/14/16
3.5525,3.5625,3.59,3.535,,12/13/16
3.5225,3.545,3.55,3.4975,,12/12/16
3.49,3.525,3.525,3.445,,12/09/16
3.5025,3.465,3.5275,3.4425,,12/08/16
3.5025,3.505,3.51,3.4725,,12/07/16
3.4825,3.51,3.54,3.4825,,12/06/16
3.375,3.495,3.5,3.375,,12/05/16
3.3275,3.375,3.38,3.3275,,12/02/16
3.37,3.3175,3.3825,3.31,,12/01/16
3.3725,3.3675,3.4175,3.36,,11/30/16
3.48,3.3675,3.4825,3.355,,11/29/16
3.4925,3.485,3.53,3.4675,,11/28/16
3.4975,3.4925,3.5075,3.485,,11/25/16
3.5025,3.5075,3.51,3.465,,11/23/16
3.495,3.51,3.5175,3.46,,11/22/16
3.4525,3.4975,3.5,3.4475,,11/21/16
3.42,3.455,3.4675,3.405,,11/18/16
3.39,3.42,3.435,3.3825,,11/17/16
3.415,3.385,3.435,3.385,,11/16/16
3.37,3.415,3.4225,3.3575,,11/15/16
3.405,3.3725,3.41,3.355,,11/14/16
3.4325,3.4025,3.45,3.39,,11/11/16
3.415,3.435,3.465,3.4025,,11/10/16
3.53,3.4075,3.55,3.405,,11/09/16
3.46,3.5425,3.565,3.45,,11/08/16
3.48,3.4625,3.495,3.45,,11/07/16
3.48,3.4875,3.4975,3.455,,11/04/16
3.4625,3.48,3.4875,3.45,,11/03/16
3.4875,3.4625,3.505,3.4425,,11/02/16
3.5475,3.49,3.5475,3.4725,,11/01/16
3.55,3.5475,3.58,3.5225,,10/31/16
3.575,3.55,3.5825,3.5425,,10/28/16
3.5375,3.575,3.585,3.5225,,10/27/16
3.4925,3.54,3.5575,3.49,,10/26/16
3.4825,3.4925,3.5225,3.4725,,10/25/16
3.515,3.4825,3.545,3.4625,,10/24/16
3.5125,3.525,3.5425,3.505,,10/21/16
3.575,3.51,3.5925,3.4925,,10/20/16
3.535,3.575,3.58,3.51,,10/19/16
3.5425,3.5375,3.575,3.515,,10/18/16
3.53,3.54,3.5775,3.5025,,10/17/16
3.495,3.5425,3.5875,3.4875,,10/14/16
3.375,3.495,3.4975,3.3725,,10/13/16
3.45,3.37,3.485,3.365,,10/12/16
3.43,3.455,3.47,3.41,,10/11/16
3.395,3.4325,3.4425,3.3925,,10/10/16
3.4075,3.3975,3.4475,3.395,,10/07/16
3.4725,3.405,3.4775,3.385,,10/06/16
3.4775,3.4775,3.4925,3.4525,,10/05/16
3.45,3.4825,3.49,3.435,,10/04/16
3.3625,3.46,3.4775,3.3525,,10/03/16
3.29,3.3675,3.375,3.25,,09/30/16
3.2975,3.2925,3.335,3.28,,09/29/16
3.3175,3.2925,3.325,3.2875,,09/28/16
3.2925,3.3175,3.325,3.2725,,09/27/16
3.34,3.29,3.365,3.285,,09/26/16
3.36,3.365,3.385,3.3375,,09/23/16
3.3925,3.3675,3.415,3.3475,,09/22/16
3.39,3.4,3.41,3.38,,09/21/16
3.36,3.405,3.4225,3.35,,09/20/16
3.3725,3.3725,3.4,3.3225,,09/19/16
3.29,3.37,3.3825,3.275,,09/16/16
0,3.3,3.3475,3.275,,09/15/16
3.205,3.2225,3.205,3.175,,09/14/16
3.2925,3.1925,3.3,3.2025,,09/13/16
3.2925,3.2925,3.3025,3.26,,09/12/16
3.265,3.3,3.305,3.2375,,09/09/16
3.22,3.27,3.2675,3.22,,09/08/16
3.1625,3.21,3.22,3.15,,09/07/16
3.16,3.1675,3.1725,3.125,,09/06/16
3.11,3.165,3.1775,3.11,,09/02/16
3.02,3.11,3.115,3.0175,,09/01/16
3.04,3.015,3.0725,3.01,,08/31/16
3.1175,3.04,3.1275,3.035,,08/30/16
3.1625,3.1175,3.1875,3.1075,,08/29/16
3.235,3.1625,3.2525,3.1575,,08/26/16
3.27,3.235,3.285,3.2225,,08/25/16
3.2825,3.275,3.305,3.255,,08/24/16
3.33,3.285,3.33,3.265,,08/23/16
3.3375,3.3325,3.345,3.305,,08/22/16
3.3225,3.3425,3.3475,3.3,,08/19/16
3.3,3.32,3.33,3.265,,08/18/16
3.2725,3.3025,3.3075,3.27,,08/17/16
3.2675,3.275,3.29,3.2425,,08/16/16
3.2125,3.265,3.29,3.21,,08/15/16
3.205,3.2225,3.23,3.12,,08/12/16
3.2225,3.21,3.2375,3.205,,08/11/16
3.22,3.225,3.255,3.2125,,08/10/16
3.2525,3.2225,3.2675,3.22,,08/09/16
3.2425,3.2525,3.28,3.225,,08/08/16
3.205,3.2425,3.25,3.2,,08/05/16
3.25,3.2075,3.2675,3.205,,08/04/16
3.2375,3.25,3.2875,3.2225,,08/03/16
3.2525,3.2425,3.275,3.195,,08/02/16
3.325,3.2575,3.3375,3.255,,08/01/16
3.3125,3.345,3.35,3.2875,,07/29/16
3.3575,3.3125,3.385,3.29,,07/28/16
3.325,3.3575,3.38,3.3175,,07/27/16
3.335,3.325,3.365,3.31,,07/26/16
3.35,3.3475,3.3825,3.3025,,07/25/16
3.345,3.35,3.3675,3.2675,,07/22/16
3.3775,3.3425,3.4175,3.3275,,07/21/16
3.4425,3.375,3.465,3.35,,07/20/16
3.565,3.4175,3.565,3.415,,07/19/16
3.5225,3.57,3.575,3.4825,,07/18/16
0,3.5225,0,3.43,,07/15/16
3.695,3.6225,3.745,3.6,,07/14/16
3.53,3.6575,3.7275,3.485,,07/13/16
3.43,3.4975,3.5025,3.3975,,07/12/16
3.5425,3.4375,3.5475,3.4175,,07/11/16
3.3725,3.4975,3.49,3.3675,,07/08/16
3.385,3.355,3.48,3.345,,07/07/16
3.4475,3.3575,3.465,3.33,,07/06/16
3.48,3.44,3.505,3.3375,,07/05/16
3.6075,3.53,3.615,3.52,,07/01/16
3.75,3.5875,3.775,3.5575,,06/30/16
3.855,3.7275,3.8725,3.7225,,06/29/16
3.83,3.8525,3.9825,3.825,,06/28/16
3.8425,3.8525,3.92,3.83,,06/27/16
3.875,3.845,3.9,3.735,,06/24/16
3.92,3.8725,3.9275,3.84,,06/23/16
3.965,3.93,4.01,3.9225,,06/22/16
4.205,3.9625,4.2225,3.9625,,06/21/16
4.355,4.2125,4.3575,4.205,,06/20/16
4.25,4.3775,4.3825,4.235,,06/17/16
4.2625,4.2525,4.2975,4.205,,06/16/16
4.3575,4.29,4.39,4.285,,06/15/16
4.295,4.365,4.3675,4.235,,06/14/16
4.275,4.3,4.38,4.275,,06/13/16
4.265,4.23,4.37,4.2,,06/10/16
4.3025,4.265,4.3025,4.2325,,06/09/16
4.2725,4.3125,4.3925,4.265,,06/08/16
4.2625,4.2775,4.28,4.225,,06/07/16
4.1975,4.2725,4.275,4.1925,,06/06/16
4.14,4.1825,4.1925,4.105,,06/03/16
4.1375,4.1525,4.195,4.125,,06/02/16
4.0425,4.1375,4.14,4.01,,06/01/16
4.125,4.0475,4.13,4.04,,05/31/16
4.08,4.1275,4.135,4.065,,05/27/16
4.04,4.0825,4.0925,4,,05/26/16
3.965,4.0475,4.05,3.9575,,05/25/16
3.9725,3.975,4.0325,3.945,,05/24/16
3.94,3.9775,3.9925,3.91,,05/23/16
3.9,3.945,3.9675,3.89,,05/20/16
3.975,3.9,3.9775,3.855,,05/19/16
3.97,3.995,4.005,3.94,,05/18/16
3.925,3.97,3.98,3.9175,,05/17/16
3.9025,3.94,3.9425,3.8625,,05/16/16
3.8025,3.82,3.855,3.8025,,05/13/16
3.7475,3.8525,3.86,3.745,,05/12/16
3.785,3.74,3.81,3.7175,,05/11/16
3.6775,3.785,3.83,3.67,,05/10/16
3.795,3.6775,3.795,3.67,,05/09/16
3.7225,3.76,3.775,3.7225,,05/06/16
3.745,3.7175,3.7675,3.685,,05/05/16
3.765,3.7325,3.775,3.725,,05/04/16
3.9025,3.7825,3.935,3.7575,,05/03/16
3.8875,3.9025,3.91,3.835,,05/02/16
3.87,3.9025,3.92,3.85,,04/29/16
3.7975,3.87,3.9075,3.7875,,04/28/16
3.82,3.8075,3.8275,3.77,,04/27/16
3.7725,3.8225,3.83,3.74,,04/26/16
3.7125,3.77,3.85,3.685,,04/25/16
3.8425,3.7175,3.8425,3.705,,04/22/16
3.94,3.845,4.02,3.8325,,04/21/16
3.845,3.9475,3.955,3.8325,,04/20/16
3.8,3.845,3.86,3.8,,04/19/16
3.7525,3.81,3.84,3.75,,04/18/16
3.735,3.785,3.805,3.72,,04/15/16
3.73,3.74,3.745,3.6975,,04/14/16
3.63,3.735,3.7475,3.63,,04/13/16
3.57,3.6275,3.655,3.5675,,04/12/16
3.62,3.5675,3.6225,3.56,,04/11/16
3.615,3.6225,3.6275,3.59,,04/08/16
3.5775,3.615,3.62,3.575,,04/07/16
3.5675,3.58,3.59,3.55,,04/06/16
3.545,3.5675,3.57,3.535,,04/05/16
3.5375,3.545,3.55,3.5075,,04/04/16
3.5175,3.54,3.545,3.4725,,04/01/16
3.6675,3.515,3.6725,3.475,,03/31/16
3.725,3.67,3.74,3.6675,,03/30/16
3.705,3.73,3.73,3.685,,03/29/16
3.695,3.705,3.72,3.6775,,03/28/16
3.6875,3.7,3.7025,3.6725,,03/24/16
3.6975,3.685,3.7,3.66,,03/23/16
3.69,3.7,3.7175,3.6875,,03/22/16
3.665,3.695,3.7,3.6575,,03/21/16
3.68,3.67,3.6925,3.66,,03/18/16
3.6825,3.685,3.72,3.665,,03/17/16
3.6775,3.6825,3.685,3.66,,03/16/16
0,3.685,3.6925,3.6625,,03/15/16
3.66,3.6675,3.6775,3.6425,,03/14/16
3.625,3.66,3.6625,3.6225,,03/11/16
3.585,3.625,3.63,3.5775,,03/10/16
3.5875,3.59,3.6,3.56,,03/09/16
3.55,3.5875,3.61,3.5425,,03/08/16
3.575,3.55,3.585,3.545,,03/07/16
3.54,3.545,3.5775,3.535,,03/04/16
3.54,3.5375,3.555,3.5175,,03/03/16
3.5375,3.545,3.555,3.525,,03/02/16
3.535,3.5375,3.55,3.53,,03/01/16
3.55,3.535,3.57,3.53,,02/29/16
3.555,3.545,3.5625,3.525,,02/26/16
3.5975,3.555,3.615,3.55,,02/25/16
3.62,3.5975,3.6275,3.5875,,02/24/16
3.67,3.62,3.6725,3.615,,02/23/16
3.665,3.675,3.6925,3.6625,,02/22/16
3.6525,3.655,3.675,3.6475,,02/19/16
3.67,3.655,3.68,3.6525,,02/18/16
3.6275,3.6725,3.675,3.62,,02/17/16
3.5975,3.63,3.635,3.59,,02/16/16
3.61,3.5875,3.62,3.5825,,02/12/16
3.6,3.6025,3.6325,3.585,,02/11/16
3.61,3.6025,3.6175,3.5925,,02/10/16
3.6225,3.61,3.6275,3.5925,,02/09/16
3.66,3.6225,3.67,3.615,,02/08/16
3.69,3.6575,3.695,3.655,,02/05/16
3.71,3.685,3.735,3.68,,02/04/16
3.72,3.71,3.7325,3.7025,,02/03/16
3.7125,3.725,3.7375,3.69,,02/02/16
3.71,3.7125,3.7175,3.6775,,02/01/16
3.6525,3.72,3.725,3.65,,01/29/16
3.6875,3.655,3.7025,3.65,,01/28/16
3.6875,3.6925,3.71,3.675,,01/27/16
3.6925,3.6925,3.72,3.67,,01/26/16
3.7,3.6975,3.725,3.68,,01/25/16
3.6675,3.7025,3.715,3.665,,01/22/16
3.6875,3.67,3.72,3.655,,01/21/16
3.675,3.6875,3.6925,3.6525,,01/20/16
3.64,3.6775,3.695,3.64,,01/19/16
3.58,3.6325,3.635,3.56,,01/15/16
3.5775,3.58,3.6025,3.555,,01/14/16
3.56,3.58,3.6075,3.555,,01/13/16
3.52,3.5675,3.6375,3.495,,01/12/16
3.57,3.5175,3.5725,3.495,,01/11/16
3.53,3.57,3.5775,3.5275,,01/08/16
3.5325,3.53,3.5425,3.485,,01/07/16
3.535,3.5325,3.5475,3.5025,,01/06/16
3.5275,3.53,3.56,3.5175,,01/05/16
3.595,3.515,3.6,3.505,,01/04/16
3.585,3.5875,3.6025,3.575,,12/31/15
3.625,3.59,3.64,3.58,,12/30/15
3.61,3.625,3.63,3.57,,12/29/15
3.6375,3.61,3.655,3.605,,12/28/15
3.65,3.645,3.6575,3.635,,12/24/15
3.665,3.655,3.6775,3.645,,12/23/15
3.72,3.6625,3.745,3.66,,12/22/15
3.74,3.72,3.77,3.6975,,12/21/15
3.7425,3.745,3.795,3.7275,,12/18/15
3.7025,3.7425,3.75,3.625,,12/17/15
3.77,3.6975,3.7775,3.6925,,12/16/15
0,3.7725,0,3.7575,,12/15/15
3.735,3.8175,3.8175,3.735,,12/14/15
3.77,3.73,3.7875,3.7275,,12/11/15
3.725,3.7725,3.7925,3.7175,,12/10/15
3.7075,3.7175,3.7675,3.685,,12/09/15
3.69,3.7,3.71,3.6725,,12/08/15
3.7575,3.685,3.76,3.68,,12/07/15
3.7,3.7625,3.765,3.6975,,12/04/15
3.6375,3.7025,3.7125,3.6125,,12/03/15
3.67,3.64,3.67,3.635,,12/02/15
3.6525,3.67,3.6875,3.645,,12/01/15
3.5975,3.65,3.66,3.5925,,11/30/15
3.6525,3.5925,3.6575,3.5875,,11/27/15
3.6425,3.66,3.665,3.64,,11/25/15
3.67,3.6425,3.6725,3.64,,11/24/15
3.625,3.6725,3.675,3.6,,11/23/15
3.635,3.6325,3.665,3.62,,11/20/15
3.6175,3.6425,3.655,3.6025,,11/19/15
3.62,3.6175,3.6425,3.585,,11/18/15
3.6,3.62,3.625,3.5825,,11/17/15
3.5825,3.6,3.6075,3.5725,,11/16/15
3.615,3.5825,3.6225,3.58,,11/13/15
3.6175,3.62,3.635,3.5925,,11/12/15
3.605,3.6225,3.635,3.595,,11/11/15
3.67,3.59,3.6775,3.56,,11/10/15
3.7275,3.6675,3.755,3.665,,11/09/15
3.7475,3.73,3.7525,3.7,,11/06/15
3.795,3.745,3.7975,3.7375,,11/05/15
3.795,3.805,3.835,3.765,,11/04/15
3.765,3.805,3.8225,3.7575,,11/03/15
3.8125,3.765,3.8175,3.76,,11/02/15
3.7975,3.8225,3.8375,3.7875,,10/30/15
3.76,3.8,3.805,3.755,,10/29/15
3.7975,3.76,3.8075,3.7575,,10/28/15
3.84,3.8,3.875,3.79,,10/27/15
3.8,3.845,3.8575,3.78,,10/26/15
3.7775,3.7975,3.8,3.75,,10/23/15
3.8025,3.7825,3.835,3.775,,10/22/15
3.77,3.8075,3.81,3.755,,10/21/15
3.7275,3.7675,3.7775,3.72,,10/20/15
3.7725,3.73,3.775,3.725,,10/19/15
3.755,3.7675,3.78,3.725,,10/16/15
3.7875,3.755,3.795,3.75,,10/15/15
3.845,3.79,3.8675,3.785,,10/14/15
3.81,3.845,3.8475,3.79,,10/13/15
3.815,3.8075,3.8525,3.8025,,10/12/15
3.91,3.8275,3.9425,3.815,,10/09/15
3.9475,3.9125,3.9575,3.905,,10/08/15
3.975,3.9575,3.9975,3.9375,,10/07/15
3.9275,3.9825,3.99,3.9175,,10/06/15
3.8925,3.935,3.94,3.8875,,10/05/15
3.88,3.8925,3.915,3.84,,10/02/15
3.8775,3.8875,3.93,3.85,,10/01/15
3.89,3.8775,3.945,3.835,,09/30/15
3.8725,3.89,3.895,3.85,,09/29/15
3.8875,3.8675,3.925,3.8375,,09/28/15
3.8125,3.89,3.895,3.81,,09/25/15
3.8275,3.815,3.84,3.7925,,09/24/15
3.795,3.8325,3.845,3.79,,09/23/15
3.84,3.805,3.845,3.7725,,09/22/15
3.765,3.845,3.855,3.75,,09/21/15
3.8,3.7725,3.825,3.765,,09/18/15
3.8525,3.7975,3.855,3.7925,,09/17/15
3.9,3.86,3.91,3.83,,09/16/15
0,3.905,0,3.8875,,09/15/15
3.775,3.79,3.81,3.75,,09/14/15
3.6175,3.745,3.7475,3.57,,09/11/15
3.56,3.6175,3.6225,3.555,,09/10/15
3.5325,3.565,3.5925,3.5325,,09/09/15
3.5425,3.55,3.555,3.51,,09/08/15
3.48,3.495,3.5075,3.4675,,09/04/15
3.54,3.4775,3.5425,3.4725,,09/03/15
3.5675,3.54,3.58,3.5125,,09/02/15
3.625,3.56,3.625,3.5525,,09/01/15
3.6225,3.6375,3.6525,3.5975,,08/31/15
3.625,3.6325,3.6875,3.6225,,08/28/15
3.625,3.6375,3.6725,3.6025,,08/27/15
3.6525,3.6175,3.69,3.615,,08/26/15
3.68,3.655,3.75,3.6375,,08/25/15
3.65,3.6875,3.7025,3.54,,08/24/15
3.7025,3.6525,3.725,3.64,,08/21/15
3.67,3.71,3.7175,3.67,,08/20/15
3.66,3.6725,3.72,3.6575,,08/19/15
3.63,3.6625,3.6825,3.6175,,08/18/15
3.635,3.6325,3.68,3.6125,,08/17/15
3.6375,3.64,3.6575,3.5975,,08/14/15
3.5825,3.6375,3.6475,3.5525,,08/13/15
3.77,3.5725,3.8275,3.465,,08/12/15
3.885,3.765,3.885,3.76,,08/11/15
3.74,3.9025,3.915,3.7375,,08/10/15
3.7,3.7275,3.75,3.665,,08/07/15
3.725,3.6975,3.75,3.6925,,08/06/15
3.6875,3.7275,3.7375,3.675,,08/05/15
3.68,3.6875,3.7275,3.6675,,08/04/15
3.7,3.665,3.705,3.65,,08/03/15
3.7475,3.71,3.775,3.6925,,07/31/15
3.6775,3.7325,3.745,3.6575,,07/30/15
3.775,3.6775,3.7775,3.67,,07/29/15
3.735,3.75,3.76,3.7,,07/28/15
3.89,3.73,3.8925,3.725,,07/27/15
4.0325,3.925,4.035,3.92,,07/24/15
4.035,4.0325,4.0525,3.985,,07/23/15
4.0725,4.0275,4.075,3.9975,,07/22/15
4.065,4.065,4.1025,4.025,,07/21/15
4.185,4.05,4.185,4.045,,07/20/15
4.28,4.2025,4.295,4.1825,,07/17/15
4.3025,4.3,4.3875,4.2825,,07/16/15
0,4.295,4.3175,4.21,,07/15/15
4.3375,4.24,4.3625,4.2325,,07/14/15
4.27,4.335,4.3425,4.24,,07/13/15
4.2,4.2725,4.31,4.18,,07/10/15
4.165,4.2125,4.25,4.165,,07/09/15
4.1475,4.1625,4.2075,4.1175,,07/08/15
4.125,4.1575,4.16,4.0775,,07/07/15
4.1775,4.185,4.195,4.09,,07/06/15
0,4.1975,0,0,,07/03/15
4.13,4.1975,4.22,4.0975,,07/02/15
4.11,4.1375,4.17,4.03,,07/01/15
3.8325,4.14,4.15,3.8275,,06/30/15
3.8375,3.8325,3.9175,3.8175,,06/29/15
3.76,3.85,3.9,3.755,,06/26/15
3.66,3.765,3.77,3.635,,06/25/15
3.67,3.665,3.71,3.6325,,06/24/15
3.61,3.675,3.6875,3.605,,06/23/15
3.5275,3.6,3.605,3.505,,06/22/15
3.5775,3.5325,3.58,3.5175,,06/19/15
3.59,3.58,3.6125,3.56,,06/18/15
3.5375,3.5925,3.6125,3.5375,,06/17/15
3.49,3.54,3.5425,3.475,,06/16/15
3.53,3.4825,3.5325,3.4675,,06/15/15
3.56,3.53,3.5675,3.5225,,06/12/15
3.575,3.565,3.6,3.545,,06/11/15
3.6475,3.5725,3.665,3.5675,,06/10/15
3.6475,3.65,3.685,3.625,,06/09/15
3.605,3.6525,3.6625,3.605,,06/08/15
3.6275,3.605,3.6725,3.5975,,06/05/15
3.585,3.635,3.645,3.565,,06/04/15
3.59,3.59,3.64,3.57,,06/03/15
3.52,3.59,3.595,3.5175,,06/02/15
3.505,3.5225,3.5425,3.4825,,06/01/15
3.5325,3.515,3.57,3.5,,05/29/15
3.495,3.535,3.55,3.4825,,05/28/15
3.55,3.495,3.565,3.4875,,05/27/15
3.61,3.55,3.625,3.54,,05/26/15
3.64,3.6,3.6775,3.5975,,05/22/15
3.6,3.65,3.665,3.5975,,05/21/15
3.6225,3.6,3.625,3.585,,05/20/15
3.6725,3.62,3.685,3.6025,,05/19/15
3.6525,3.68,3.7125,3.64,,05/18/15
0,3.655,3.715,3.62,,05/15/15
3.5675,3.61,3.6375,3.56,,05/14/15
3.5625,3.56,3.59,3.5275,,05/13/15
3.5825,3.57,3.62,3.5525,,05/12/15
3.59,3.5825,3.61,3.57,,05/11/15
3.5775,3.585,3.59,3.565,,05/08/15
3.655,3.5775,3.6625,3.5725,,05/07/15
3.6175,3.665,3.69,3.6175,,05/06/15
3.5775,3.6125,3.6175,3.54,,05/05/15
3.59,3.5875,3.6075,3.5675,,05/04/15
3.625,3.5975,3.63,3.575,,05/01/15
3.6425,3.625,3.6775,3.6,,04/30/15
3.61,3.6375,3.645,3.595,,04/29/15
3.605,3.61,3.635,3.59,,04/28/15
3.6375,3.6075,3.6525,3.605,,04/27/15
3.71,3.645,3.7125,3.6375,,04/24/15
3.725,3.7075,3.78,3.7025,,04/23/15
3.73,3.725,3.74,3.6925,,04/22/15
3.77,3.73,3.77,3.7125,,04/21/15
3.795,3.78,3.8175,3.7575,,04/20/15
3.7625,3.7975,3.8075,3.75,,04/17/15
3.7575,3.7625,3.7775,3.73,,04/16/15
3.7275,3.76,3.79,3.705,,04/15/15
3.71,3.735,3.7475,3.7,,04/14/15
3.75,3.705,3.76,3.7025,,04/13/15
3.7825,3.77,3.795,3.7425,,04/10/15
3.79,3.78,3.8,3.75,,04/09/15
3.8325,3.7925,3.85,3.7675,,04/08/15
3.85,3.83,3.8725,3.82,,04/07/15
3.8625,3.85,3.9,3.835,,04/06/15
0,3.865,0,0,,04/03/15
3.8175,3.865,3.885,3.7825,,04/02/15
3.77,3.8175,3.8225,3.74,,04/01/15
3.94,3.7625,3.985,3.755,,03/31/15
3.915,3.945,3.95,3.9,,03/30/15
3.91,3.91,3.935,3.8925,,03/27/15
3.94,3.9125,3.97,3.8925,,03/26/15
3.9275,3.95,3.9575,3.915,,03/25/15
3.8925,3.9325,3.9375,3.885,,03/24/15
3.85,3.9025,3.9175,3.85,,03/23/15
3.735,3.85,3.875,3.7275,,03/20/15
3.775,3.735,3.805,3.705,,03/19/15
3.715,3.7475,3.7525,3.67,,03/18/15
3.79,3.71,3.7975,3.7,,03/17/15
3.8075,3.79,3.8225,3.755,,03/16/15
3.8325,3.805,3.8375,3.7525,,03/13/15
3.84,3.8225,3.8475,3.8,,03/12/15
3.8225,3.84,3.8775,3.815,,03/11/15
3.83,3.8225,3.845,3.77,,03/10/15
3.7925,3.8325,3.8475,3.7925,,03/09/15
3.81,3.7925,3.825,3.765,,03/06/15
3.8125,3.8275,3.8475,3.8,,03/05/15
3.82,3.815,3.8225,3.78,,03/04/15
3.79,3.82,3.8275,3.7575,,03/03/15
3.83,3.7875,3.855,3.775,,03/02/15
3.79,3.845,3.8725,3.77,,02/27/15
3.76,3.8,3.8225,3.75,,02/26/15
3.78,3.7575,3.795,3.715,,02/25/15
3.79,3.775,3.87,3.775,,02/24/15
3.8525,3.7875,3.86,3.775,,02/23/15
3.89,3.8525,3.895,3.835,,02/20/15
3.8375,3.8975,3.9125,3.8225,,02/19/15
3.89,3.8375,3.905,3.83,,02/18/15
3.87,3.895,3.91,3.85,,02/17/15
3.83,3.8725,3.885,3.8225,,02/13/15
3.8525,3.83,3.8775,3.8125,,02/12/15
3.88,3.8575,3.8975,3.84,,02/11/15
3.9075,3.88,3.915,3.845,,02/10/15
3.8525,3.9125,3.9175,3.835,,02/09/15
3.85,3.8575,3.895,3.8,,02/06/15
3.825,3.8525,3.875,3.815,,02/05/15
3.85,3.835,3.8825,3.795,,02/04/15
3.7,3.8575,3.885,3.7,,02/03/15
3.6975,3.6975,3.785,3.675,,02/02/15
3.7275,3.7,3.73,3.6575,,01/30/15
3.735,3.715,3.735,3.68,,01/29/15
3.8075,3.7325,3.815,3.73,,01/28/15
3.835,3.8125,3.86,3.8,,01/27/15
3.8575,3.84,3.8825,3.8225,,01/26/15
3.84,3.8675,3.885,3.82,,01/23/15
3.8775,3.8375,3.905,3.825,,01/22/15
3.9,3.88,3.925,3.8625,,01/21/15
3.8525,3.9025,3.91,3.8225,,01/20/15
3.805,3.87,3.88,3.795,,01/16/15
3.8275,3.8,3.88,3.76,,01/15/15
3.86,3.81,3.8625,3.76,,01/14/15
4.02,3.8575,4.065,3.845,,01/13/15
3.99,4.02,4.07,3.9,,01/12/15
3.9475,4.0025,4.015,3.93,,01/09/15
3.965,3.9425,3.9875,3.9275,,01/08/15
4.0475,3.9625,4.0725,3.96,,01/07/15
4.055,4.05,4.095,4.0225,,01/06/15
3.9575,4.06,4.0675,3.945,,01/05/15
3.9625,3.9575,3.985,3.915,,01/02/15